Time,Raw Angle,Corrected Angle
7954,	-2.6412807166664356,	-2.6412807166664356
7954,	-2.6412807166664356,	-2.6412807166664356
7974,	-2.6412807166664356,	-2.6412807166664356
7974,	-2.6412807166664356,	-2.6412807166664356
7974,	-2.6412807166664356,	-2.6412807166664356
7976,	-2.6412807166664356,	-2.6412807166664356
7976,	-2.6412807166664356,	-2.6412807166664356
7992,	-2.6412807166664356,	-2.6412807166664356
7992,	-2.6412807166664356,	-2.6412807166664356
7992,	-2.6412807166664356,	-2.6412807166664356
7992,	-2.6412807166664356,	-2.6412807166664356
7992,	-2.6412807166664356,	-2.6412807166664356
8013,	-2.657908049999768,	-2.657908049999768
8013,	-2.657908049999768,	-2.657908049999768
8013,	-2.657908049999768,	-2.657908049999768
8014,	-2.657908049999768,	-2.657908049999768
8014,	-2.657908049999768,	-2.657908049999768
8031,	-2.6841782333330997,	-2.6841782333330997
8031,	-2.6841782333330997,	-2.6841782333330997
8031,	-2.6841782333330997,	-2.6841782333330997
8031,	-2.6841782333330997,	-2.6841782333330997
8031,	-2.6841782333330997,	-2.6841782333330997
8052,	-2.6841782333330997,	-2.6841782333330997
8052,	-2.6841782333330997,	-2.6841782333330997
8052,	-2.6841782333330997,	-2.6841782333330997
8052,	-2.6841782333330997,	-2.6841782333330997
8052,	-2.6841782333330997,	-2.6841782333330997
8072,	-2.6841782333330997,	-2.6841782333330997
8072,	-2.6841782333330997,	-2.6841782333330997
8072,	-2.6841782333330997,	-2.6841782333330997
8072,	-2.6841782333330997,	-2.6841782333330997
8072,	-2.6841782333330997,	-2.6841782333330997
8093,	-2.7001055666664318,	-2.7001055666664318
8093,	-2.7001055666664318,	-2.7001055666664318
8093,	-2.7001055666664318,	-2.7001055666664318
8093,	-2.7001055666664318,	-2.7001055666664318
8093,	-2.7001055666664318,	-2.7001055666664318
8112,	-2.7001055666664318,	-2.7001055666664318
8112,	-2.7001055666664318,	-2.7001055666664318
8112,	-2.7001055666664318,	-2.7001055666664318
8112,	-2.7001055666664318,	-2.7001055666664318
8112,	-2.7001055666664318,	-2.7001055666664318
8132,	-2.7001055666664318,	-2.7001055666664318
8132,	-2.7001055666664318,	-2.7001055666664318
8132,	-2.7001055666664318,	-2.7001055666664318
8132,	-2.7001055666664318,	-2.7001055666664318
8132,	-2.7001055666664318,	-2.7001055666664318
8153,	-2.717905633333097,	-2.717905633333097
8153,	-2.717905633333097,	-2.717905633333097
8153,	-2.717905633333097,	-2.717905633333097
8153,	-2.717905633333097,	-2.717905633333097
8153,	-2.717905633333097,	-2.717905633333097
8172,	-2.717905633333097,	-2.717905633333097
8172,	-2.717905633333097,	-2.717905633333097
8172,	-2.717905633333097,	-2.717905633333097
8172,	-2.717905633333097,	-2.717905633333097
8172,	-2.717905633333097,	-2.717905633333097
8192,	-2.717905633333097,	-2.717905633333097
8192,	-2.717905633333097,	-2.717905633333097
8192,	-2.717905633333097,	-2.717905633333097
8192,	-2.717905633333097,	-2.717905633333097
8192,	-2.717905633333097,	-2.717905633333097
8212,	-2.717905633333097,	-2.717905633333097
8212,	-2.717905633333097,	-2.717905633333097
8212,	-2.717905633333097,	-2.717905633333097
8212,	-2.717905633333097,	-2.717905633333097
8212,	-2.717905633333097,	-2.717905633333097
8232,	-2.7472923333330934,	-2.7472923333330934
8232,	-2.7472923333330934,	-2.7472923333330934
8232,	-2.7472923333330934,	-2.7472923333330934
8232,	-2.7472923333330934,	-2.7472923333330934
8232,	-2.7472923333330934,	-2.7472923333330934
8252,	-2.7472923333330934,	-2.7472923333330934
8252,	-2.7472923333330934,	-2.7472923333330934
8252,	-2.7472923333330934,	-2.7472923333330934
8253,	-2.7472923333330934,	-2.7472923333330934
8253,	-2.7472923333330934,	-2.7472923333330934
8272,	-2.7472923333330934,	-2.7472923333330934
8272,	-2.7472923333330934,	-2.7472923333330934
8272,	-2.7472923333330934,	-2.7472923333330934
8273,	-2.7472923333330934,	-2.7472923333330934
8273,	-2.7472923333330934,	-2.7472923333330934
8293,	-2.7646033333330915,	-2.7646033333330915
8293,	-2.7646033333330915,	-2.7646033333330915
8293,	-2.7646033333330915,	-2.7646033333330915
8293,	-2.7646033333330915,	-2.7646033333330915
8293,	-2.7646033333330915,	-2.7646033333330915
8312,	-2.7646033333330915,	-2.7646033333330915
8312,	-2.7646033333330915,	-2.7646033333330915
8312,	-2.7646033333330915,	-2.7646033333330915
8312,	-2.7646033333330915,	-2.7646033333330915
8312,	-2.7646033333330915,	-2.7646033333330915
8332,	-2.7646033333330915,	-2.7646033333330915
8332,	-2.7646033333330915,	-2.7646033333330915
8332,	-2.7646033333330915,	-2.7646033333330915
8332,	-2.7646033333330915,	-2.7646033333330915
8332,	-2.7646033333330915,	-2.7646033333330915
8352,	-2.781817849999757,	-2.781817849999757
8352,	-2.781817849999757,	-2.781817849999757
8352,	-2.781817849999757,	-2.781817849999757
8352,	-2.781817849999757,	-2.781817849999757
8352,	-2.781817849999757,	-2.781817849999757
8373,	-2.781817849999757,	-2.781817849999757
8373,	-2.781817849999757,	-2.781817849999757
8373,	-2.781817849999757,	-2.781817849999757
8373,	-2.781817849999757,	-2.781817849999757
8373,	-2.781817849999757,	-2.781817849999757
8393,	-2.806821849999755,	-2.806821849999755
8393,	-2.806821849999755,	-2.806821849999755
8393,	-2.806821849999755,	-2.806821849999755
8393,	-2.806821849999755,	-2.806821849999755
8393,	-2.806821849999755,	-2.806821849999755
8413,	-2.806821849999755,	-2.806821849999755
8413,	-2.806821849999755,	-2.806821849999755
8413,	-2.806821849999755,	-2.806821849999755
8414,	-2.806821849999755,	-2.806821849999755
8414,	-2.806821849999755,	-2.806821849999755
8432,	-2.82129236666642,	-2.82129236666642
8432,	-2.82129236666642,	-2.82129236666642
8432,	-2.82129236666642,	-2.82129236666642
8432,	-2.82129236666642,	-2.82129236666642
8432,	-2.82129236666642,	-2.82129236666642
8453,	-2.82129236666642,	-2.82129236666642
8453,	-2.82129236666642,	-2.82129236666642
8453,	-2.82129236666642,	-2.82129236666642
8453,	-2.82129236666642,	-2.82129236666642
8453,	-2.82129236666642,	-2.82129236666642
8472,	-2.82129236666642,	-2.82129236666642
8472,	-2.82129236666642,	-2.82129236666642
8472,	-2.82129236666642,	-2.82129236666642
8472,	-2.82129236666642,	-2.82129236666642
8472,	-2.82129236666642,	-2.82129236666642
8492,	-2.843159549999751,	-2.843159549999751
8492,	-2.843159549999751,	-2.843159549999751
8492,	-2.843159549999751,	-2.843159549999751
8492,	-2.843159549999751,	-2.843159549999751
8492,	-2.843159549999751,	-2.843159549999751
8512,	-2.843159549999751,	-2.843159549999751
8512,	-2.843159549999751,	-2.843159549999751
8512,	-2.843159549999751,	-2.843159549999751
8512,	-2.843159549999751,	-2.843159549999751
8513,	-2.843159549999751,	-2.843159549999751
8532,	-2.843159549999751,	-2.843159549999751
8532,	-2.843159549999751,	-2.843159549999751
8532,	-2.843159549999751,	-2.843159549999751
8532,	-2.843159549999751,	-2.843159549999751
8532,	-2.843159549999751,	-2.843159549999751
8552,	-2.8573290666664164,	-2.8573290666664164
8552,	-2.8573290666664164,	-2.8573290666664164
8552,	-2.8573290666664164,	-2.8573290666664164
8553,	-2.8573290666664164,	-2.8573290666664164
8553,	-2.8573290666664164,	-2.8573290666664164
8572,	-2.8573290666664164,	-2.8573290666664164
8572,	-2.8573290666664164,	-2.8573290666664164
8572,	-2.8573290666664164,	-2.8573290666664164
8572,	-2.8573290666664164,	-2.8573290666664164
8572,	-2.8573290666664164,	-2.8573290666664164
8592,	-2.8712115833330816,	-2.8712115833330816
8592,	-2.8712115833330816,	-2.8712115833330816
8592,	-2.8712115833330816,	-2.8712115833330816
8592,	-2.8712115833330816,	-2.8712115833330816
8592,	-2.8712115833330816,	-2.8712115833330816
8612,	-2.8712115833330816,	-2.8712115833330816
8612,	-2.8712115833330816,	-2.8712115833330816
8612,	-2.8712115833330816,	-2.8712115833330816
8612,	-2.8712115833330816,	-2.8712115833330816
8612,	-2.8712115833330816,	-2.8712115833330816
8632,	-2.8712115833330816,	-2.8712115833330816
8632,	-2.8712115833330816,	-2.8712115833330816
8632,	-2.8712115833330816,	-2.8712115833330816
8632,	-2.8712115833330816,	-2.8712115833330816
8632,	-2.8712115833330816,	-2.8712115833330816
8652,	-2.894338766666413,	-2.894338766666413
8652,	-2.894338766666413,	-2.894338766666413
8652,	-2.894338766666413,	-2.894338766666413
8652,	-2.894338766666413,	-2.894338766666413
8652,	-2.894338766666413,	-2.894338766666413
8672,	-2.894338766666413,	-2.894338766666413
8672,	-2.894338766666413,	-2.894338766666413
8672,	-2.894338766666413,	-2.894338766666413
8672,	-2.894338766666413,	-2.894338766666413
8672,	-2.894338766666413,	-2.894338766666413
8693,	-2.910406099999745,	-2.910406099999745
8693,	-2.910406099999745,	-2.910406099999745
8693,	-2.910406099999745,	-2.910406099999745
8693,	-2.910406099999745,	-2.910406099999745
8693,	-2.910406099999745,	-2.910406099999745
8712,	-2.910406099999745,	-2.910406099999745
8712,	-2.910406099999745,	-2.910406099999745
8712,	-2.910406099999745,	-2.910406099999745
8712,	-2.910406099999745,	-2.910406099999745
8712,	-2.910406099999745,	-2.910406099999745
8733,	-2.910406099999745,	-2.910406099999745
8733,	-2.910406099999745,	-2.910406099999745
8733,	-2.910406099999745,	-2.910406099999745
8734,	-2.910406099999745,	-2.910406099999745
8734,	-2.910406099999745,	-2.910406099999745
8751,	-2.910406099999745,	-2.910406099999745
8751,	-2.910406099999745,	-2.910406099999745
8751,	-2.910406099999745,	-2.910406099999745
8751,	-2.910406099999745,	-2.910406099999745
8751,	-2.910406099999745,	-2.910406099999745
8771,	-2.935389099999743,	-2.935389099999743
8771,	-2.935389099999743,	-2.935389099999743
8771,	-2.935389099999743,	-2.935389099999743
8771,	-2.935389099999743,	-2.935389099999743
8771,	-2.935389099999743,	-2.935389099999743
8792,	-2.951714616666408,	-2.951714616666408
8792,	-2.951714616666408,	-2.951714616666408
8792,	-2.951714616666408,	-2.951714616666408
8792,	-2.951714616666408,	-2.951714616666408
8792,	-2.951714616666408,	-2.951714616666408
8813,	-2.951714616666408,	-2.951714616666408
8813,	-2.951714616666408,	-2.951714616666408
8813,	-2.951714616666408,	-2.951714616666408
8813,	-2.951714616666408,	-2.951714616666408
8813,	-2.951714616666408,	-2.951714616666408
8832,	-2.9737007999997394,	-2.9737007999997394
8832,	-2.9737007999997394,	-2.9737007999997394
8832,	-2.9737007999997394,	-2.9737007999997394
8832,	-2.9737007999997394,	-2.9737007999997394
8832,	-2.9737007999997394,	-2.9737007999997394
8852,	-2.9737007999997394,	-2.9737007999997394
8852,	-2.9737007999997394,	-2.9737007999997394
8852,	-2.9737007999997394,	-2.9737007999997394
8852,	-2.9737007999997394,	-2.9737007999997394
8852,	-2.9737007999997394,	-2.9737007999997394
8872,	-2.9894881333330714,	-2.9894881333330714
8872,	-2.9894881333330714,	-2.9894881333330714
8872,	-2.9894881333330714,	-2.9894881333330714
8872,	-2.9894881333330714,	-2.9894881333330714
8872,	-2.9894881333330714,	-2.9894881333330714
8892,	-2.9894881333330714,	-2.9894881333330714
8892,	-2.9894881333330714,	-2.9894881333330714
8892,	-2.9894881333330714,	-2.9894881333330714
8892,	-2.9894881333330714,	-2.9894881333330714
8892,	-2.9894881333330714,	-2.9894881333330714
8912,	-2.9894881333330714,	-2.9894881333330714
8912,	-2.9894881333330714,	-2.9894881333330714
8912,	-2.9894881333330714,	-2.9894881333330714
8912,	-2.9894881333330714,	-2.9894881333330714
8913,	-2.9894881333330714,	-2.9894881333330714
8931,	-3.0142191333330697,	-3.0142191333330697
8931,	-3.0142191333330697,	-3.0142191333330697
8931,	-3.0142191333330697,	-3.0142191333330697
8931,	-3.0142191333330697,	-3.0142191333330697
8931,	-3.0142191333330697,	-3.0142191333330697
8952,	-3.0142191333330697,	-3.0142191333330697
8952,	-3.0142191333330697,	-3.0142191333330697
8952,	-3.0142191333330697,	-3.0142191333330697
8952,	-3.0142191333330697,	-3.0142191333330697
8952,	-3.0142191333330697,	-3.0142191333330697
8972,	-3.0142191333330697,	-3.0142191333330697
8972,	-3.0142191333330697,	-3.0142191333330697
8972,	-3.0142191333330697,	-3.0142191333330697
8972,	-3.0142191333330697,	-3.0142191333330697
8972,	-3.0142191333330697,	-3.0142191333330697
8993,	-3.028606466666402,	-3.028606466666402
8993,	-3.028606466666402,	-3.028606466666402
8993,	-3.028606466666402,	-3.028606466666402
8993,	-3.028606466666402,	-3.028606466666402
8993,	-3.028606466666402,	-3.028606466666402
9012,	-3.028606466666402,	-3.028606466666402
9012,	-3.028606466666402,	-3.028606466666402
9012,	-3.028606466666402,	-3.028606466666402
9013,	-3.028606466666402,	-3.028606466666402
9013,	-3.028606466666402,	-3.028606466666402
9032,	-3.0501174666663995,	-3.0501174666663995
9032,	-3.0501174666663995,	-3.0501174666663995
9032,	-3.0501174666663995,	-3.0501174666663995
9032,	-3.0501174666663995,	-3.0501174666663995
9032,	-3.0501174666663995,	-3.0501174666663995
9052,	-3.0501174666663995,	-3.0501174666663995
9052,	-3.0501174666663995,	-3.0501174666663995
9052,	-3.0501174666663995,	-3.0501174666663995
9052,	-3.0501174666663995,	-3.0501174666663995
9052,	-3.0501174666663995,	-3.0501174666663995
9072,	-3.0657087999997317,	-3.0657087999997317
9072,	-3.0657087999997317,	-3.0657087999997317
9072,	-3.0657087999997317,	-3.0657087999997317
9072,	-3.0657087999997317,	-3.0657087999997317
9072,	-3.0657087999997317,	-3.0657087999997317
9092,	-3.0657087999997317,	-3.0657087999997317
9092,	-3.0657087999997317,	-3.0657087999997317
9092,	-3.0657087999997317,	-3.0657087999997317
9092,	-3.0657087999997317,	-3.0657087999997317
9092,	-3.0657087999997317,	-3.0657087999997317
9113,	-3.0657087999997317,	-3.0657087999997317
9113,	-3.0657087999997317,	-3.0657087999997317
9113,	-3.0657087999997317,	-3.0657087999997317
9114,	-3.0657087999997317,	-3.0657087999997317
9114,	-3.0657087999997317,	-3.0657087999997317
9133,	-3.0891159833330626,	-3.0891159833330626
9133,	-3.0891159833330626,	-3.0891159833330626
9133,	-3.0891159833330626,	-3.0891159833330626
9133,	-3.0891159833330626,	-3.0891159833330626
9133,	-3.0891159833330626,	-3.0891159833330626
9152,	-3.0891159833330626,	-3.0891159833330626
9152,	-3.0891159833330626,	-3.0891159833330626
9152,	-3.0891159833330626,	-3.0891159833330626
9152,	-3.0891159833330626,	-3.0891159833330626
9152,	-3.0891159833330626,	-3.0891159833330626
9172,	-3.103679133333061,	-3.103679133333061
9172,	-3.103679133333061,	-3.103679133333061
9172,	-3.103679133333061,	-3.103679133333061
9172,	-3.103679133333061,	-3.103679133333061
9172,	-3.103679133333061,	-3.103679133333061
9192,	-3.103679133333061,	-3.103679133333061
9192,	-3.103679133333061,	-3.103679133333061
9192,	-3.103679133333061,	-3.103679133333061
9192,	-3.103679133333061,	-3.103679133333061
9192,	-3.103679133333061,	-3.103679133333061
9212,	-3.103679133333061,	-3.103679133333061
9212,	-3.103679133333061,	-3.103679133333061
9212,	-3.103679133333061,	-3.103679133333061
9212,	-3.103679133333061,	-3.103679133333061
9212,	-3.103679133333061,	-3.103679133333061
9231,	-3.1282701333330594,	-3.1282701333330594
9231,	-3.1282701333330594,	-3.1282701333330594
9231,	-3.1282701333330594,	-3.1282701333330594
9232,	-3.1282701333330594,	-3.1282701333330594
9232,	-3.1282701333330594,	-3.1282701333330594
9252,	-3.1282701333330594,	-3.1282701333330594
9252,	-3.1282701333330594,	-3.1282701333330594
9252,	-3.1282701333330594,	-3.1282701333330594
9252,	-3.1282701333330594,	-3.1282701333330594
9252,	-3.1282701333330594,	-3.1282701333330594
9272,	-3.145875833333058,	-3.145875833333058
9272,	-3.145875833333058,	-3.145875833333058
9272,	-3.145875833333058,	-3.145875833333058
9272,	-3.145875833333058,	-3.145875833333058
9272,	-3.145875833333058,	-3.145875833333058
9292,	-3.145875833333058,	-3.145875833333058
9292,	-3.145875833333058,	-3.145875833333058
9292,	-3.145875833333058,	-3.145875833333058
9292,	-3.145875833333058,	-3.145875833333058
9292,	-3.145875833333058,	-3.145875833333058
9313,	-3.145875833333058,	-3.145875833333058
9313,	-3.145875833333058,	-3.145875833333058
9313,	-3.145875833333058,	-3.145875833333058
9313,	-3.145875833333058,	-3.145875833333058
9314,	-3.145875833333058,	-3.145875833333058
9332,	-3.1709226499997225,	-3.1709226499997225
9332,	-3.1709226499997225,	-3.1709226499997225
9332,	-3.1709226499997225,	-3.1709226499997225
9332,	-3.1709226499997225,	-3.1709226499997225
9332,	-3.1709226499997225,	-3.1709226499997225
9352,	-3.1709226499997225,	-3.1709226499997225
9352,	-3.1709226499997225,	-3.1709226499997225
9352,	-3.1709226499997225,	-3.1709226499997225
9352,	-3.1709226499997225,	-3.1709226499997225
9352,	-3.1709226499997225,	-3.1709226499997225
9372,	-3.1709226499997225,	-3.1709226499997225
9372,	-3.1709226499997225,	-3.1709226499997225
9372,	-3.1709226499997225,	-3.1709226499997225
9372,	-3.1709226499997225,	-3.1709226499997225
9372,	-3.1709226499997225,	-3.1709226499997225
9392,	-3.1881309833330547,	-3.1881309833330547
9392,	-3.1881309833330547,	-3.1881309833330547
9392,	-3.1881309833330547,	-3.1881309833330547
9392,	-3.1881309833330547,	-3.1881309833330547
9392,	-3.1881309833330547,	-3.1881309833330547
9411,	-3.1881309833330547,	-3.1881309833330547
9411,	-3.1881309833330547,	-3.1881309833330547
9411,	-3.1881309833330547,	-3.1881309833330547
9411,	-3.1881309833330547,	-3.1881309833330547
9411,	-3.1881309833330547,	-3.1881309833330547
9432,	-3.212308983333053,	-3.212308983333053
9432,	-3.212308983333053,	-3.212308983333053
9432,	-3.212308983333053,	-3.212308983333053
9432,	-3.212308983333053,	-3.212308983333053
9432,	-3.212308983333053,	-3.212308983333053
9451,	-3.212308983333053,	-3.212308983333053
9451,	-3.212308983333053,	-3.212308983333053
9451,	-3.212308983333053,	-3.212308983333053
9451,	-3.212308983333053,	-3.212308983333053
9451,	-3.212308983333053,	-3.212308983333053
9473,	-3.2281033166663846,	-3.2281033166663846
9473,	-3.2281033166663846,	-3.2281033166663846
9473,	-3.2281033166663846,	-3.2281033166663846
9473,	-3.2281033166663846,	-3.2281033166663846
9473,	-3.2281033166663846,	-3.2281033166663846
9492,	-3.2281033166663846,	-3.2281033166663846
9492,	-3.2281033166663846,	-3.2281033166663846
9492,	-3.2281033166663846,	-3.2281033166663846
9492,	-3.2281033166663846,	-3.2281033166663846
9492,	-3.2281033166663846,	-3.2281033166663846
9512,	-3.2281033166663846,	-3.2281033166663846
9512,	-3.2281033166663846,	-3.2281033166663846
9512,	-3.2281033166663846,	-3.2281033166663846
9513,	-3.2281033166663846,	-3.2281033166663846
9513,	-3.2281033166663846,	-3.2281033166663846
9532,	-3.252694316666383,	-3.252694316666383
9532,	-3.252694316666383,	-3.252694316666383
9532,	-3.252694316666383,	-3.252694316666383
9532,	-3.252694316666383,	-3.252694316666383
9532,	-3.252694316666383,	-3.252694316666383
9551,	-3.252694316666383,	-3.252694316666383
9551,	-3.252694316666383,	-3.252694316666383
9551,	-3.252694316666383,	-3.252694316666383
9551,	-3.252694316666383,	-3.252694316666383
9551,	-3.252694316666383,	-3.252694316666383
9572,	-3.269062649999715,	-3.269062649999715
9572,	-3.269062649999715,	-3.269062649999715
9572,	-3.269062649999715,	-3.269062649999715
9572,	-3.269062649999715,	-3.269062649999715
9572,	-3.269062649999715,	-3.269062649999715
9593,	-3.269062649999715,	-3.269062649999715
9593,	-3.269062649999715,	-3.269062649999715
9593,	-3.269062649999715,	-3.269062649999715
9593,	-3.269062649999715,	-3.269062649999715
9593,	-3.269062649999715,	-3.269062649999715
9611,	-3.269062649999715,	-3.269062649999715
9611,	-3.269062649999715,	-3.269062649999715
9611,	-3.269062649999715,	-3.269062649999715
9611,	-3.269062649999715,	-3.269062649999715
9611,	-3.269062649999715,	-3.269062649999715
9632,	-3.292113649999713,	-3.292113649999713
9632,	-3.292113649999713,	-3.292113649999713
9632,	-3.292113649999713,	-3.292113649999713
9632,	-3.292113649999713,	-3.292113649999713
9632,	-3.292113649999713,	-3.292113649999713
9651,	-3.292113649999713,	-3.292113649999713
9651,	-3.292113649999713,	-3.292113649999713
9651,	-3.292113649999713,	-3.292113649999713
9651,	-3.292113649999713,	-3.292113649999713
9651,	-3.292113649999713,	-3.292113649999713
9672,	-3.306773983333045,	-3.306773983333045
9672,	-3.306773983333045,	-3.306773983333045
9672,	-3.306773983333045,	-3.306773983333045
9672,	-3.306773983333045,	-3.306773983333045
9672,	-3.306773983333045,	-3.306773983333045
9692,	-3.306773983333045,	-3.306773983333045
9692,	-3.306773983333045,	-3.306773983333045
9692,	-3.306773983333045,	-3.306773983333045
9692,	-3.306773983333045,	-3.306773983333045
9692,	-3.306773983333045,	-3.306773983333045
9712,	-3.306773983333045,	-3.306773983333045
9712,	-3.306773983333045,	-3.306773983333045
9712,	-3.306773983333045,	-3.306773983333045
9712,	-3.306773983333045,	-3.306773983333045
9712,	-3.306773983333045,	-3.306773983333045
9732,	-3.3278789833330427,	-3.3278789833330427
9732,	-3.3278789833330427,	-3.3278789833330427
9732,	-3.3278789833330427,	-3.3278789833330427
9733,	-3.3278789833330427,	-3.3278789833330427
9733,	-3.3278789833330427,	-3.3278789833330427
9752,	-3.3278789833330427,	-3.3278789833330427
9752,	-3.3278789833330427,	-3.3278789833330427
9752,	-3.3278789833330427,	-3.3278789833330427
9752,	-3.3278789833330427,	-3.3278789833330427
9752,	-3.3278789833330427,	-3.3278789833330427
9771,	-3.3278789833330427,	-3.3278789833330427
9771,	-3.3278789833330427,	-3.3278789833330427
9771,	-3.3278789833330427,	-3.3278789833330427
9771,	-3.3278789833330427,	-3.3278789833330427
9771,	-3.3278789833330427,	-3.3278789833330427
9792,	-3.3441633166663745,	-3.3441633166663745
9792,	-3.3441633166663745,	-3.3441633166663745
9792,	-3.3441633166663745,	-3.3441633166663745
9792,	-3.3441633166663745,	-3.3441633166663745
9792,	-3.3441633166663745,	-3.3441633166663745
9812,	-3.3441633166663745,	-3.3441633166663745
9812,	-3.3441633166663745,	-3.3441633166663745
9812,	-3.3441633166663745,	-3.3441633166663745
9812,	-3.3441633166663745,	-3.3441633166663745
9812,	-3.3441633166663745,	-3.3441633166663745
9833,	-3.3714143166663724,	-3.3714143166663724
9833,	-3.3714143166663724,	-3.3714143166663724
9833,	-3.3714143166663724,	-3.3714143166663724
9834,	-3.3714143166663724,	-3.3714143166663724
9834,	-3.3714143166663724,	-3.3714143166663724
9852,	-3.3714143166663724,	-3.3714143166663724
9852,	-3.3714143166663724,	-3.3714143166663724
9852,	-3.3714143166663724,	-3.3714143166663724
9852,	-3.3714143166663724,	-3.3714143166663724
9852,	-3.3714143166663724,	-3.3714143166663724
9872,	-3.388559649999704,	-3.388559649999704
9872,	-3.388559649999704,	-3.388559649999704
9872,	-3.388559649999704,	-3.388559649999704
9872,	-3.388559649999704,	-3.388559649999704
9872,	-3.388559649999704,	-3.388559649999704
9892,	-3.388559649999704,	-3.388559649999704
9892,	-3.388559649999704,	-3.388559649999704
9892,	-3.388559649999704,	-3.388559649999704
9892,	-3.388559649999704,	-3.388559649999704
9892,	-3.388559649999704,	-3.388559649999704
9912,	-3.388559649999704,	-3.388559649999704
9912,	-3.388559649999704,	-3.388559649999704
9912,	-3.388559649999704,	-3.388559649999704
9912,	-3.388559649999704,	-3.388559649999704
9912,	-3.388559649999704,	-3.388559649999704
9932,	-3.4110576499997025,	-3.4110576499997025
9932,	-3.4110576499997025,	-3.4110576499997025
9932,	-3.4110576499997025,	-3.4110576499997025
9932,	-3.4110576499997025,	-3.4110576499997025
9932,	-3.4110576499997025,	-3.4110576499997025
9951,	-3.4110576499997025,	-3.4110576499997025
9951,	-3.4110576499997025,	-3.4110576499997025
9951,	-3.4110576499997025,	-3.4110576499997025
9951,	-3.4110576499997025,	-3.4110576499997025
9951,	-3.4110576499997025,	-3.4110576499997025
9972,	-3.4246889833330347,	-3.4246889833330347
9972,	-3.4246889833330347,	-3.4246889833330347
9972,	-3.4246889833330347,	-3.4246889833330347
9972,	-3.4246889833330347,	-3.4246889833330347
9972,	-3.4246889833330347,	-3.4246889833330347
9992,	-3.4246889833330347,	-3.4246889833330347
9992,	-3.4246889833330347,	-3.4246889833330347
9992,	-3.4246889833330347,	-3.4246889833330347
9992,	-3.4246889833330347,	-3.4246889833330347
9992,	-3.4246889833330347,	-3.4246889833330347
10013,	-3.4246889833330347,	-3.4246889833330347
10013,	-3.4246889833330347,	-3.4246889833330347
10013,	-3.4246889833330347,	-3.4246889833330347
10013,	-3.4246889833330347,	-3.4246889833330347
10013,	-3.4246889833330347,	-3.4246889833330347
10032,	-3.447858983333033,	-3.447858983333033
10032,	-3.447858983333033,	-3.447858983333033
10032,	-3.447858983333033,	-3.447858983333033
10032,	-3.447858983333033,	-3.447858983333033
10032,	-3.447858983333033,	-3.447858983333033
10052,	-3.447858983333033,	-3.447858983333033
10052,	-3.447858983333033,	-3.447858983333033
10052,	-3.447858983333033,	-3.447858983333033
10052,	-3.447858983333033,	-3.447858983333033
10052,	-3.447858983333033,	-3.447858983333033
10073,	-3.447858983333033,	-3.447858983333033
10073,	-3.447858983333033,	-3.447858983333033
10073,	-3.447858983333033,	-3.447858983333033
10073,	-3.447858983333033,	-3.447858983333033
10073,	-3.447858983333033,	-3.447858983333033
10091,	-3.4637863166663645,	-3.4637863166663645
10091,	-3.4637863166663645,	-3.4637863166663645
10091,	-3.4637863166663645,	-3.4637863166663645
10091,	-3.4637863166663645,	-3.4637863166663645
10091,	-3.4637863166663645,	-3.4637863166663645
10113,	-3.4637863166663645,	-3.4637863166663645
10113,	-3.4637863166663645,	-3.4637863166663645
10113,	-3.4637863166663645,	-3.4637863166663645
10113,	-3.4637863166663645,	-3.4637863166663645
10113,	-3.4637863166663645,	-3.4637863166663645
10131,	-3.4637863166663645,	-3.4637863166663645
10131,	-3.4637863166663645,	-3.4637863166663645
10131,	-3.4637863166663645,	-3.4637863166663645
10131,	-3.4637863166663645,	-3.4637863166663645
10131,	-3.4637863166663645,	-3.4637863166663645
10152,	-3.4792578333330297,	-3.4792578333330297
10152,	-3.4792578333330297,	-3.4792578333330297
10152,	-3.4792578333330297,	-3.4792578333330297
10152,	-3.4792578333330297,	-3.4792578333330297
10152,	-3.4792578333330297,	-3.4792578333330297
10172,	-3.4792578333330297,	-3.4792578333330297
10172,	-3.4792578333330297,	-3.4792578333330297
10172,	-3.4792578333330297,	-3.4792578333330297
10172,	-3.4792578333330297,	-3.4792578333330297
10172,	-3.4792578333330297,	-3.4792578333330297
10192,	-3.504774583333027,	-3.504774583333027
10192,	-3.504774583333027,	-3.504774583333027
10192,	-3.504774583333027,	-3.504774583333027
10192,	-3.504774583333027,	-3.504774583333027
10192,	-3.504774583333027,	-3.504774583333027
10213,	-3.504774583333027,	-3.504774583333027
10213,	-3.504774583333027,	-3.504774583333027
10213,	-3.504774583333027,	-3.504774583333027
10213,	-3.504774583333027,	-3.504774583333027
10213,	-3.504774583333027,	-3.504774583333027
10232,	-3.517426733333026,	-3.517426733333026
10232,	-3.517426733333026,	-3.517426733333026
10232,	-3.517426733333026,	-3.517426733333026
10233,	-3.517426733333026,	-3.517426733333026
10233,	-3.517426733333026,	-3.517426733333026
10252,	-3.517426733333026,	-3.517426733333026
10252,	-3.517426733333026,	-3.517426733333026
10252,	-3.517426733333026,	-3.517426733333026
10252,	-3.517426733333026,	-3.517426733333026
10252,	-3.517426733333026,	-3.517426733333026
10272,	-3.517426733333026,	-3.517426733333026
10272,	-3.517426733333026,	-3.517426733333026
10272,	-3.517426733333026,	-3.517426733333026
10272,	-3.517426733333026,	-3.517426733333026
10272,	-3.517426733333026,	-3.517426733333026
10292,	-3.5377329166663576,	-3.5377329166663576
10292,	-3.5377329166663576,	-3.5377329166663576
10292,	-3.5377329166663576,	-3.5377329166663576
10292,	-3.5377329166663576,	-3.5377329166663576
10292,	-3.5377329166663576,	-3.5377329166663576
10312,	-3.5377329166663576,	-3.5377329166663576
10312,	-3.5377329166663576,	-3.5377329166663576
10312,	-3.5377329166663576,	-3.5377329166663576
10312,	-3.5377329166663576,	-3.5377329166663576
10312,	-3.5377329166663576,	-3.5377329166663576
10332,	-3.5521202499996893,	-3.5521202499996893
10332,	-3.5521202499996893,	-3.5521202499996893
10332,	-3.5521202499996893,	-3.5521202499996893
10332,	-3.5521202499996893,	-3.5521202499996893
10332,	-3.5521202499996893,	-3.5521202499996893
10351,	-3.5521202499996893,	-3.5521202499996893
10351,	-3.5521202499996893,	-3.5521202499996893
10351,	-3.5521202499996893,	-3.5521202499996893
10351,	-3.5521202499996893,	-3.5521202499996893
10351,	-3.5521202499996893,	-3.5521202499996893
10372,	-3.5521202499996893,	-3.5521202499996893
10372,	-3.5521202499996893,	-3.5521202499996893
10372,	-3.5521202499996893,	-3.5521202499996893
10372,	-3.5521202499996893,	-3.5521202499996893
10372,	-3.5521202499996893,	-3.5521202499996893
10392,	-3.5758564333330205,	-3.5758564333330205
10392,	-3.5758564333330205,	-3.5758564333330205
10392,	-3.5758564333330205,	-3.5758564333330205
10392,	-3.5758564333330205,	-3.5758564333330205
10392,	-3.5758564333330205,	-3.5758564333330205
10413,	-3.5758564333330205,	-3.5758564333330205
10413,	-3.5758564333330205,	-3.5758564333330205
10413,	-3.5758564333330205,	-3.5758564333330205
10413,	-3.5758564333330205,	-3.5758564333330205
10413,	-3.5758564333330205,	-3.5758564333330205
10432,	-3.5915115833330193,	-3.5915115833330193
10432,	-3.5915115833330193,	-3.5915115833330193
10432,	-3.5915115833330193,	-3.5915115833330193
10432,	-3.5915115833330193,	-3.5915115833330193
10432,	-3.5915115833330193,	-3.5915115833330193
10452,	-3.5915115833330193,	-3.5915115833330193
10452,	-3.5915115833330193,	-3.5915115833330193
10452,	-3.5915115833330193,	-3.5915115833330193
10452,	-3.5915115833330193,	-3.5915115833330193
10452,	-3.5915115833330193,	-3.5915115833330193
10472,	-3.5915115833330193,	-3.5915115833330193
10472,	-3.5915115833330193,	-3.5915115833330193
10472,	-3.5915115833330193,	-3.5915115833330193
10472,	-3.5915115833330193,	-3.5915115833330193
10472,	-3.5915115833330193,	-3.5915115833330193
10492,	-3.6135117666663508,	-3.6135117666663508
10492,	-3.6135117666663508,	-3.6135117666663508
10492,	-3.6135117666663508,	-3.6135117666663508
10494,	-3.6135117666663508,	-3.6135117666663508
10494,	-3.6135117666663508,	-3.6135117666663508
10512,	-3.6135117666663508,	-3.6135117666663508
10512,	-3.6135117666663508,	-3.6135117666663508
10512,	-3.6135117666663508,	-3.6135117666663508
10512,	-3.6135117666663508,	-3.6135117666663508
10512,	-3.6135117666663508,	-3.6135117666663508
10532,	-3.6265060999996828,	-3.6265060999996828
10532,	-3.6265060999996828,	-3.6265060999996828
10532,	-3.6265060999996828,	-3.6265060999996828
10532,	-3.6265060999996828,	-3.6265060999996828
10532,	-3.6265060999996828,	-3.6265060999996828
10552,	-3.6265060999996828,	-3.6265060999996828
10552,	-3.6265060999996828,	-3.6265060999996828
10552,	-3.6265060999996828,	-3.6265060999996828
10552,	-3.6265060999996828,	-3.6265060999996828
10552,	-3.6265060999996828,	-3.6265060999996828
10572,	-3.6265060999996828,	-3.6265060999996828
10572,	-3.6265060999996828,	-3.6265060999996828
10572,	-3.6265060999996828,	-3.6265060999996828
10572,	-3.6265060999996828,	-3.6265060999996828
10572,	-3.6265060999996828,	-3.6265060999996828
10593,	-3.6481089166663474,	-3.6481089166663474
10593,	-3.6481089166663474,	-3.6481089166663474
10593,	-3.6481089166663474,	-3.6481089166663474
10593,	-3.6481089166663474,	-3.6481089166663474
10593,	-3.6481089166663474,	-3.6481089166663474
10613,	-3.6481089166663474,	-3.6481089166663474
10613,	-3.6481089166663474,	-3.6481089166663474
10613,	-3.6481089166663474,	-3.6481089166663474
10613,	-3.6481089166663474,	-3.6481089166663474
10613,	-3.6481089166663474,	-3.6481089166663474
10632,	-3.6631962499996793,	-3.6631962499996793
10632,	-3.6631962499996793,	-3.6631962499996793
10632,	-3.6631962499996793,	-3.6631962499996793
10633,	-3.6631962499996793,	-3.6631962499996793
10633,	-3.6631962499996793,	-3.6631962499996793
10652,	-3.6631962499996793,	-3.6631962499996793
10652,	-3.6631962499996793,	-3.6631962499996793
10652,	-3.6631962499996793,	-3.6631962499996793
10652,	-3.6631962499996793,	-3.6631962499996793
10652,	-3.6631962499996793,	-3.6631962499996793
10672,	-3.6631962499996793,	-3.6631962499996793
10672,	-3.6631962499996793,	-3.6631962499996793
10672,	-3.6631962499996793,	-3.6631962499996793
10672,	-3.6631962499996793,	-3.6631962499996793
10672,	-3.6631962499996793,	-3.6631962499996793
10692,	-3.6860644333330104,	-3.6860644333330104
10692,	-3.6860644333330104,	-3.6860644333330104
10692,	-3.6860644333330104,	-3.6860644333330104
10692,	-3.6860644333330104,	-3.6860644333330104
10692,	-3.6860644333330104,	-3.6860644333330104
10713,	-3.6860644333330104,	-3.6860644333330104
10713,	-3.6860644333330104,	-3.6860644333330104
10713,	-3.6860644333330104,	-3.6860644333330104
10713,	-3.6860644333330104,	-3.6860644333330104
10713,	-3.6860644333330104,	-3.6860644333330104
10732,	-3.700494583333009,	-3.700494583333009
10732,	-3.700494583333009,	-3.700494583333009
10732,	-3.700494583333009,	-3.700494583333009
10732,	-3.700494583333009,	-3.700494583333009
10732,	-3.700494583333009,	-3.700494583333009
10753,	-3.700494583333009,	-3.700494583333009
10753,	-3.700494583333009,	-3.700494583333009
10753,	-3.700494583333009,	-3.700494583333009
10753,	-3.700494583333009,	-3.700494583333009
10753,	-3.700494583333009,	-3.700494583333009
10773,	-3.700494583333009,	-3.700494583333009
10773,	-3.700494583333009,	-3.700494583333009
10773,	-3.700494583333009,	-3.700494583333009
10773,	-3.700494583333009,	-3.700494583333009
10773,	-3.700494583333009,	-3.700494583333009
10792,	-3.7206607666663403,	-3.7206607666663403
10792,	-3.7206607666663403,	-3.7206607666663403
10792,	-3.7206607666663403,	-3.7206607666663403
10792,	-3.7206607666663403,	-3.7206607666663403
10792,	-3.7206607666663403,	-3.7206607666663403
10812,	-3.7206607666663403,	-3.7206607666663403
10812,	-3.7206607666663403,	-3.7206607666663403
10812,	-3.7206607666663403,	-3.7206607666663403
10812,	-3.7206607666663403,	-3.7206607666663403
10812,	-3.7206607666663403,	-3.7206607666663403
10832,	-3.7331572833330053,	-3.7331572833330053
10832,	-3.7331572833330053,	-3.7331572833330053
10832,	-3.7331572833330053,	-3.7331572833330053
10832,	-3.7331572833330053,	-3.7331572833330053
10832,	-3.7331572833330053,	-3.7331572833330053
10852,	-3.7331572833330053,	-3.7331572833330053
10852,	-3.7331572833330053,	-3.7331572833330053
10852,	-3.7331572833330053,	-3.7331572833330053
10852,	-3.7331572833330053,	-3.7331572833330053
10852,	-3.7331572833330053,	-3.7331572833330053
10872,	-3.7331572833330053,	-3.7331572833330053
10872,	-3.7331572833330053,	-3.7331572833330053
10872,	-3.7331572833330053,	-3.7331572833330053
10872,	-3.7331572833330053,	-3.7331572833330053
10872,	-3.7331572833330053,	-3.7331572833330053
10892,	-3.753821283333003,	-3.753821283333003
10892,	-3.753821283333003,	-3.753821283333003
10892,	-3.753821283333003,	-3.753821283333003
10892,	-3.753821283333003,	-3.753821283333003
10892,	-3.753821283333003,	-3.753821283333003
10912,	-3.753821283333003,	-3.753821283333003
10912,	-3.753821283333003,	-3.753821283333003
10912,	-3.753821283333003,	-3.753821283333003
10913,	-3.753821283333003,	-3.753821283333003
10913,	-3.753821283333003,	-3.753821283333003
10932,	-3.7696987999996687,	-3.7696987999996687
10932,	-3.7696987999996687,	-3.7696987999996687
10932,	-3.7696987999996687,	-3.7696987999996687
10932,	-3.7696987999996687,	-3.7696987999996687
10932,	-3.7696987999996687,	-3.7696987999996687
10952,	-3.7696987999996687,	-3.7696987999996687
10952,	-3.7696987999996687,	-3.7696987999996687
10952,	-3.7696987999996687,	-3.7696987999996687
10952,	-3.7696987999996687,	-3.7696987999996687
10952,	-3.7696987999996687,	-3.7696987999996687
10972,	-3.7696987999996687,	-3.7696987999996687
10972,	-3.7696987999996687,	-3.7696987999996687
10972,	-3.7696987999996687,	-3.7696987999996687
10972,	-3.7696987999996687,	-3.7696987999996687
10972,	-3.7696987999996687,	-3.7696987999996687
10992,	-3.7696987999996687,	-3.7696987999996687
10992,	-3.7696987999996687,	-3.7696987999996687
10992,	-3.7696987999996687,	-3.7696987999996687
10992,	-3.7696987999996687,	-3.7696987999996687
10992,	-3.7696987999996687,	-3.7696987999996687
11013,	-3.7915396166663333,	-3.7915396166663333
11013,	-3.7915396166663333,	-3.7915396166663333
11013,	-3.7915396166663333,	-3.7915396166663333
11013,	-3.7915396166663333,	-3.7915396166663333
11013,	-3.7915396166663333,	-3.7915396166663333
11032,	-3.8064161333329984,	-3.8064161333329984
11032,	-3.8064161333329984,	-3.8064161333329984
11032,	-3.8064161333329984,	-3.8064161333329984
11032,	-3.8064161333329984,	-3.8064161333329984
11032,	-3.8064161333329984,	-3.8064161333329984
11053,	-3.8064161333329984,	-3.8064161333329984
11053,	-3.8064161333329984,	-3.8064161333329984
11053,	-3.8064161333329984,	-3.8064161333329984
11053,	-3.8064161333329984,	-3.8064161333329984
11053,	-3.8064161333329984,	-3.8064161333329984
11072,	-3.8064161333329984,	-3.8064161333329984
11072,	-3.8064161333329984,	-3.8064161333329984
11072,	-3.8064161333329984,	-3.8064161333329984
11072,	-3.8064161333329984,	-3.8064161333329984
11072,	-3.8064161333329984,	-3.8064161333329984
11092,	-3.8282491333329967,	-3.8282491333329967
11092,	-3.8282491333329967,	-3.8282491333329967
11092,	-3.8282491333329967,	-3.8282491333329967
11092,	-3.8282491333329967,	-3.8282491333329967
11092,	-3.8282491333329967,	-3.8282491333329967
11113,	-3.8282491333329967,	-3.8282491333329967
11113,	-3.8282491333329967,	-3.8282491333329967
11113,	-3.8282491333329967,	-3.8282491333329967
11113,	-3.8282491333329967,	-3.8282491333329967
11113,	-3.8282491333329967,	-3.8282491333329967
11132,	-3.840816466666329,	-3.840816466666329
11132,	-3.840816466666329,	-3.840816466666329
11132,	-3.840816466666329,	-3.840816466666329
11132,	-3.840816466666329,	-3.840816466666329
11132,	-3.840816466666329,	-3.840816466666329
11152,	-3.840816466666329,	-3.840816466666329
11152,	-3.840816466666329,	-3.840816466666329
11152,	-3.840816466666329,	-3.840816466666329
11152,	-3.840816466666329,	-3.840816466666329
11152,	-3.840816466666329,	-3.840816466666329
11172,	-3.840816466666329,	-3.840816466666329
11172,	-3.840816466666329,	-3.840816466666329
11172,	-3.840816466666329,	-3.840816466666329
11172,	-3.840816466666329,	-3.840816466666329
11172,	-3.840816466666329,	-3.840816466666329
11194,	-3.8572812833329935,	-3.8572812833329935
11194,	-3.8572812833329935,	-3.8572812833329935
11194,	-3.8572812833329935,	-3.8572812833329935
11194,	-3.8572812833329935,	-3.8572812833329935
11194,	-3.8572812833329935,	-3.8572812833329935
11211,	-3.8572812833329935,	-3.8572812833329935
11211,	-3.8572812833329935,	-3.8572812833329935
11211,	-3.8572812833329935,	-3.8572812833329935
11212,	-3.8572812833329935,	-3.8572812833329935
11212,	-3.8572812833329935,	-3.8572812833329935
11233,	-3.8704716166663253,	-3.8704716166663253
11233,	-3.8704716166663253,	-3.8704716166663253
11233,	-3.8704716166663253,	-3.8704716166663253
11233,	-3.8704716166663253,	-3.8704716166663253
11233,	-3.8704716166663253,	-3.8704716166663253
11252,	-3.8704716166663253,	-3.8704716166663253
11252,	-3.8704716166663253,	-3.8704716166663253
11252,	-3.8704716166663253,	-3.8704716166663253
11252,	-3.8704716166663253,	-3.8704716166663253
11252,	-3.8704716166663253,	-3.8704716166663253
11272,	-3.8704716166663253,	-3.8704716166663253
11272,	-3.8704716166663253,	-3.8704716166663253
11272,	-3.8704716166663253,	-3.8704716166663253
11272,	-3.8704716166663253,	-3.8704716166663253
11272,	-3.8704716166663253,	-3.8704716166663253
11292,	-3.8939067999996566,	-3.8939067999996566
11292,	-3.8939067999996566,	-3.8939067999996566
11292,	-3.8939067999996566,	-3.8939067999996566
11292,	-3.8939067999996566,	-3.8939067999996566
11292,	-3.8939067999996566,	-3.8939067999996566
11311,	-3.8939067999996566,	-3.8939067999996566
11311,	-3.8939067999996566,	-3.8939067999996566
11311,	-3.8939067999996566,	-3.8939067999996566
11311,	-3.8939067999996566,	-3.8939067999996566
11311,	-3.8939067999996566,	-3.8939067999996566
11333,	-3.9076369499996555,	-3.9076369499996555
11333,	-3.9076369499996555,	-3.9076369499996555
11333,	-3.9076369499996555,	-3.9076369499996555
11333,	-3.9076369499996555,	-3.9076369499996555
11333,	-3.9076369499996555,	-3.9076369499996555
11352,	-3.9076369499996555,	-3.9076369499996555
11352,	-3.9076369499996555,	-3.9076369499996555
11352,	-3.9076369499996555,	-3.9076369499996555
11352,	-3.9076369499996555,	-3.9076369499996555
11352,	-3.9076369499996555,	-3.9076369499996555
11372,	-3.9076369499996555,	-3.9076369499996555
11372,	-3.9076369499996555,	-3.9076369499996555
11372,	-3.9076369499996555,	-3.9076369499996555
11372,	-3.9076369499996555,	-3.9076369499996555
11372,	-3.9076369499996555,	-3.9076369499996555
11392,	-3.9290981333329866,	-3.9290981333329866
11392,	-3.9290981333329866,	-3.9290981333329866
11392,	-3.9290981333329866,	-3.9290981333329866
11392,	-3.9290981333329866,	-3.9290981333329866
11392,	-3.9290981333329866,	-3.9290981333329866
11412,	-3.9290981333329866,	-3.9290981333329866
11412,	-3.9290981333329866,	-3.9290981333329866
11412,	-3.9290981333329866,	-3.9290981333329866
11412,	-3.9290981333329866,	-3.9290981333329866
11412,	-3.9290981333329866,	-3.9290981333329866
11432,	-3.943639466666319,	-3.943639466666319
11432,	-3.943639466666319,	-3.943639466666319
11432,	-3.943639466666319,	-3.943639466666319
11432,	-3.943639466666319,	-3.943639466666319
11432,	-3.943639466666319,	-3.943639466666319
11453,	-3.943639466666319,	-3.943639466666319
11453,	-3.943639466666319,	-3.943639466666319
11453,	-3.943639466666319,	-3.943639466666319
11453,	-3.943639466666319,	-3.943639466666319
11453,	-3.943639466666319,	-3.943639466666319
11472,	-3.943639466666319,	-3.943639466666319
11472,	-3.943639466666319,	-3.943639466666319
11472,	-3.943639466666319,	-3.943639466666319
11473,	-3.943639466666319,	-3.943639466666319
11473,	-3.943639466666319,	-3.943639466666319
11492,	-3.9645266499996508,	-3.9645266499996508
11492,	-3.9645266499996508,	-3.9645266499996508
11492,	-3.9645266499996508,	-3.9645266499996508
11492,	-3.9645266499996508,	-3.9645266499996508
11492,	-3.9645266499996508,	-3.9645266499996508
11513,	-3.9645266499996508,	-3.9645266499996508
11513,	-3.9645266499996508,	-3.9645266499996508
11513,	-3.9645266499996508,	-3.9645266499996508
11513,	-3.9645266499996508,	-3.9645266499996508
11513,	-3.9645266499996508,	-3.9645266499996508
11591,	-4.005821983332981,	-4.005821983332981
11591,	-4.005821983332981,	-4.005821983332981
11640,	-4.021707316666314,	-4.021707316666314
11640,	-4.021707316666314,	-4.021707316666314
11641,	-4.021707316666314,	-4.021707316666314
11641,	-4.021707316666314,	-4.021707316666314
11644,	-4.021707316666314,	-4.021707316666314
11644,	-4.021707316666314,	-4.021707316666314
11648,	-4.021707316666314,	-4.021707316666314
11648,	-4.021707316666314,	-4.021707316666314
11656,	-4.021707316666314,	-4.021707316666314
11656,	-4.021707316666314,	-4.021707316666314
11658,	-4.021707316666314,	-4.021707316666314
11658,	-4.021707316666314,	-4.021707316666314
11672,	-4.021707316666314,	-4.021707316666314
11672,	-4.021707316666314,	-4.021707316666314
11692,	-4.042084316666311,	-4.042084316666311
11692,	-4.042084316666311,	-4.042084316666311
11713,	-4.042084316666311,	-4.042084316666311
11713,	-4.042084316666311,	-4.042084316666311
11732,	-4.059062466666309,	-4.059062466666309
11732,	-4.059062466666309,	-4.059062466666309
11752,	-4.059062466666309,	-4.059062466666309
11752,	-4.059062466666309,	-4.059062466666309
11772,	-4.059062466666309,	-4.059062466666309
11772,	-4.059062466666309,	-4.059062466666309
11792,	-4.218088466666307,	-4.218088466666307
11792,	-4.218088466666307,	-4.218088466666307
11812,	-4.218088466666307,	-4.218088466666307
11812,	-4.218088466666307,	-4.218088466666307
11832,	-4.3293557999996395,	-4.3293557999996395
11832,	-4.3293557999996395,	-4.3293557999996395
11852,	-4.3293557999996395,	-4.3293557999996395
11852,	-4.3293557999996395,	-4.3293557999996395
11872,	-4.3293557999996395,	-4.3293557999996395
11872,	-4.3293557999996395,	-4.3293557999996395
11892,	-4.3454479833329716,	-4.3454479833329716
11892,	-4.3454479833329716,	-4.3454479833329716
11912,	-4.3454479833329716,	-4.3454479833329716
11912,	-4.3454479833329716,	-4.3454479833329716
11932,	-3.808844316666304,	-3.808844316666304
11933,	-3.808844316666304,	-3.808844316666304
11953,	-3.808844316666304,	-3.808844316666304
11953,	-3.808844316666304,	-3.808844316666304
11972,	-3.808844316666304,	-3.808844316666304
11972,	-3.808844316666304,	-3.808844316666304
11992,	-2.182822133332969,	-2.182822133332969
11992,	-2.182822133332969,	-2.182822133332969
12012,	-2.182822133332969,	-2.182822133332969
12012,	-2.182822133332969,	-2.182822133332969
12034,	-2.182822133332969,	-2.182822133332969
12034,	-1.485091649999634,	-1.485091649999634
12052,	-1.485091649999634,	-1.485091649999634
12052,	-1.485091649999634,	-1.485091649999634
12072,	-1.485091649999634,	-1.485091649999634
12072,	-1.485091649999634,	-1.485091649999634
12092,	-1.102422649999632,	-1.102422649999632
12092,	-1.102422649999632,	-1.102422649999632
12112,	-1.102422649999632,	-1.102422649999632
12112,	-1.102422649999632,	-1.102422649999632
12132,	-1.102422649999632,	-1.102422649999632
12132,	-0.8475899833329638,	-1.102422649999632
12152,	-0.8475899833329638,	-0.8475899833329638
12152,	-0.8475899833329638,	-0.8475899833329638
12173,	-0.8475899833329638,	-0.8475899833329638
12173,	-0.8475899833329638,	-0.8475899833329638
12192,	-0.19700298333296157,	-0.19700298333296157
12192,	-0.19700298333296157,	-0.19700298333296157
12212,	-0.19700298333296157,	-0.19700298333296157
12212,	-0.19700298333296157,	-0.19700298333296157
12232,	-0.19700298333296157,	-0.19700298333296157
12232,	-0.19700298333296157,	-0.19700298333296157
12252,	1.7028935000003733,	1.7028935000003733
12252,	1.7028935000003733,	1.7028935000003733
12272,	1.7028935000003733,	1.7028935000003733
12272,	1.7028935000003733,	1.7028935000003733
12292,	3.2763823166670423,	3.2763823166670423
12292,	3.2763823166670423,	3.2763823166670423
12312,	3.2763823166670423,	3.2763823166670423
12312,	3.2763823166670423,	3.2763823166670423
12332,	3.2763823166670423,	3.2763823166670423
12332,	3.2763823166670423,	3.2763823166670423
12352,	1.55315498333371,	1.55315498333371
12352,	1.55315498333371,	1.55315498333371
12372,	1.55315498333371,	1.55315498333371
12372,	1.55315498333371,	1.55315498333371
12392,	-2.1250160166662884,	-2.1250160166662884
12392,	-2.1250160166662884,	-2.1250160166662884
12412,	-2.1250160166662884,	-2.1250160166662884
12412,	-2.1250160166662884,	-2.1250160166662884
12432,	-2.1250160166662884,	-2.1250160166662884
12432,	-2.1250160166662884,	-2.1250160166662884
12451,	-3.1839355333329538,	-3.1839355333329538
12451,	-3.1839355333329538,	-3.1839355333329538
12472,	-3.1839355333329538,	-3.1839355333329538
12472,	-3.1839355333329538,	-3.1839355333329538
12492,	-3.4332957166662856,	-3.4332957166662856
12492,	-3.4332957166662856,	-3.4332957166662856
12513,	-3.4332957166662856,	-3.4332957166662856
12513,	-3.4332957166662856,	-3.4332957166662856
12533,	-3.4332957166662856,	-3.4332957166662856
12533,	-3.4332957166662856,	-3.4332957166662856
12552,	-5.3208884166662855,	-5.3208884166662855
12552,	-5.3208884166662855,	-5.3208884166662855
12572,	-5.3208884166662855,	-5.3208884166662855
12572,	-5.3208884166662855,	-5.3208884166662855
12593,	-8.497292416666285,	-8.497292416666285
12593,	-8.497292416666285,	-8.497292416666285
12612,	-8.497292416666285,	-8.497292416666285
12612,	-8.497292416666285,	-8.497292416666285
12632,	-8.497292416666285,	-8.497292416666285
12632,	-8.497292416666285,	-8.497292416666285
12652,	-9.224503749999618,	-9.224503749999618
12652,	-9.224503749999618,	-9.224503749999618
12672,	-9.224503749999618,	-9.224503749999618
12672,	-9.224503749999618,	-9.224503749999618
12692,	-10.093798749999616,	-10.093798749999616
12692,	-10.093798749999616,	-10.093798749999616
12713,	-10.093798749999616,	-10.093798749999616
12713,	-10.093798749999616,	-10.093798749999616
12734,	-10.093798749999616,	-10.093798749999616
12734,	-10.093798749999616,	-10.093798749999616
12751,	-11.852046266666282,	-11.852046266666282
12751,	-11.852046266666282,	-11.852046266666282
12772,	-11.852046266666282,	-11.852046266666282
12772,	-11.852046266666282,	-11.852046266666282
12795,	-11.852046266666282,	-11.852046266666282
12795,	-11.852046266666282,	-11.852046266666282
12812,	-13.652034083332946,	-13.652034083332946
12813,	-13.652034083332946,	-13.652034083332946
12832,	-13.652034083332946,	-13.652034083332946
12832,	-13.652034083332946,	-13.652034083332946
12852,	-13.504146599999611,	-13.504146599999611
12852,	-13.504146599999611,	-13.504146599999611
12872,	-13.504146599999611,	-13.504146599999611
12872,	-13.504146599999611,	-13.504146599999611
12895,	-12.728967416666276,	-12.728967416666276
12895,	-12.728967416666276,	-12.728967416666276
12913,	-12.728967416666276,	-12.728967416666276
12913,	-12.728967416666276,	-12.728967416666276
12932,	-12.728967416666276,	-12.728967416666276
12932,	-12.728967416666276,	-12.728967416666276
12952,	-11.453652933332942,	-11.453652933332942
12952,	-11.453652933332942,	-11.453652933332942
12973,	-11.453652933332942,	-11.453652933332942
12973,	-11.453652933332942,	-11.453652933332942
12996,	-10.298673116666274,	-10.298673116666274
12996,	-10.298673116666274,	-10.298673116666274
13012,	-10.298673116666274,	-10.298673116666274
13012,	-10.298673116666274,	-10.298673116666274
13032,	-10.298673116666274,	-10.298673116666274
13032,	-10.298673116666274,	-10.298673116666274
13053,	-10.402240449999606,	-10.402240449999606
13053,	-10.402240449999606,	-10.402240449999606
13073,	-10.402240449999606,	-10.402240449999606
13073,	-10.402240449999606,	-10.402240449999606
13093,	-10.775047266666272,	-10.775047266666272
13093,	-10.775047266666272,	-10.775047266666272
13113,	-10.775047266666272,	-10.775047266666272
13113,	-10.775047266666272,	-10.775047266666272
13133,	-10.775047266666272,	-10.775047266666272
13133,	-10.775047266666272,	-10.775047266666272
13152,	-10.998348783332936,	-10.998348783332936
13152,	-10.998348783332936,	-10.998348783332936
13172,	-10.998348783332936,	-10.998348783332936
13172,	-10.998348783332936,	-10.998348783332936
13192,	-11.185636116666268,	-11.185636116666268
13192,	-11.185636116666268,	-11.185636116666268
13212,	-11.185636116666268,	-11.185636116666268
13212,	-11.185636116666268,	-11.185636116666268
13232,	-11.185636116666268,	-11.185636116666268
13232,	-11.185636116666268,	-11.185636116666268
13253,	-12.003073483332933,	-12.003073483332933
13253,	-12.003073483332933,	-12.003073483332933
13272,	-12.003073483332933,	-12.003073483332933
13272,	-12.003073483332933,	-12.003073483332933
13272,	-12.003073483332933,	-12.003073483332933
13272,	-12.003073483332933,	-12.003073483332933
13272,	-12.003073483332933,	-12.003073483332933
13291,	-12.382300816666264,	-12.382300816666264
13291,	-12.382300816666264,	-12.382300816666264
13291,	-12.382300816666264,	-12.382300816666264
13291,	-12.382300816666264,	-12.382300816666264
13291,	-12.382300816666264,	-12.382300816666264
13313,	-12.382300816666264,	-12.382300816666264
13313,	-12.382300816666264,	-12.382300816666264
13313,	-12.382300816666264,	-12.382300816666264
13313,	-12.382300816666264,	-12.382300816666264
13313,	-12.382300816666264,	-12.382300816666264
13331,	-12.382300816666264,	-12.382300816666264
13331,	-12.382300816666264,	-12.382300816666264
13331,	-12.382300816666264,	-12.382300816666264
13331,	-12.382300816666264,	-12.382300816666264
13331,	-12.382300816666264,	-12.382300816666264
13352,	-12.59136118333293,	-12.59136118333293
13352,	-12.59136118333293,	-12.59136118333293
13352,	-12.59136118333293,	-12.59136118333293
13352,	-12.59136118333293,	-12.59136118333293
13352,	-12.59136118333293,	-12.59136118333293
13372,	-12.59136118333293,	-12.59136118333293
13372,	-12.59136118333293,	-12.59136118333293
13372,	-12.59136118333293,	-12.59136118333293
13372,	-12.59136118333293,	-12.59136118333293
13372,	-12.59136118333293,	-12.59136118333293
13393,	-12.648750333332929,	-12.648750333332929
13393,	-12.648750333332929,	-12.648750333332929
13393,	-12.648750333332929,	-12.648750333332929
13393,	-12.648750333332929,	-12.648750333332929
13393,	-12.648750333332929,	-12.648750333332929
13412,	-12.648750333332929,	-12.648750333332929
13412,	-12.648750333332929,	-12.648750333332929
13412,	-12.648750333332929,	-12.648750333332929
13412,	-12.648750333332929,	-12.648750333332929
13412,	-12.648750333332929,	-12.648750333332929
13432,	-12.648750333332929,	-12.648750333332929
13432,	-12.648750333332929,	-12.648750333332929
13432,	-12.648750333332929,	-12.648750333332929
13432,	-12.648750333332929,	-12.648750333332929
13432,	-12.648750333332929,	-12.648750333332929
13452,	-12.636765516666262,	-12.636765516666262
13452,	-12.636765516666262,	-12.636765516666262
13452,	-12.636765516666262,	-12.636765516666262
13452,	-12.636765516666262,	-12.636765516666262
13452,	-12.636765516666262,	-12.636765516666262
13472,	-12.636765516666262,	-12.636765516666262
13472,	-12.636765516666262,	-12.636765516666262
13472,	-12.636765516666262,	-12.636765516666262
13472,	-12.636765516666262,	-12.636765516666262
13472,	-12.636765516666262,	-12.636765516666262
13491,	-12.652763666666262,	-12.652763666666262
13491,	-12.652763666666262,	-12.652763666666262
13491,	-12.652763666666262,	-12.652763666666262
13491,	-12.652763666666262,	-12.652763666666262
13491,	-12.652763666666262,	-12.652763666666262
13512,	-12.652763666666262,	-12.652763666666262
13512,	-12.652763666666262,	-12.652763666666262
13512,	-12.652763666666262,	-12.652763666666262
13512,	-12.652763666666262,	-12.652763666666262
13512,	-12.652763666666262,	-12.652763666666262
13532,	-12.652763666666262,	-12.652763666666262
13532,	-12.652763666666262,	-12.652763666666262
13532,	-12.652763666666262,	-12.652763666666262
13532,	-12.652763666666262,	-12.652763666666262
13532,	-12.652763666666262,	-12.652763666666262
13552,	-12.679383849999592,	-12.679383849999592
13552,	-12.679383849999592,	-12.679383849999592
13552,	-12.679383849999592,	-12.679383849999592
13552,	-12.679383849999592,	-12.679383849999592
13552,	-12.679383849999592,	-12.679383849999592
13571,	-12.679383849999592,	-12.679383849999592
13571,	-12.679383849999592,	-12.679383849999592
13571,	-12.679383849999592,	-12.679383849999592
13571,	-12.679383849999592,	-12.679383849999592
13571,	-12.679383849999592,	-12.679383849999592
13591,	-12.696186183332925,	-12.696186183332925
13591,	-12.696186183332925,	-12.696186183332925
13591,	-12.696186183332925,	-12.696186183332925
13591,	-12.696186183332925,	-12.696186183332925
13591,	-12.696186183332925,	-12.696186183332925
13612,	-12.696186183332925,	-12.696186183332925
13612,	-12.696186183332925,	-12.696186183332925
13612,	-12.696186183332925,	-12.696186183332925
13612,	-12.696186183332925,	-12.696186183332925
13612,	-12.696186183332925,	-12.696186183332925
13632,	-12.696186183332925,	-12.696186183332925
13632,	-12.696186183332925,	-12.696186183332925
13632,	-12.696186183332925,	-12.696186183332925
13632,	-12.696186183332925,	-12.696186183332925
13632,	-12.696186183332925,	-12.696186183332925
13651,	-12.720497183332922,	-12.720497183332922
13651,	-12.720497183332922,	-12.720497183332922
13651,	-12.720497183332922,	-12.720497183332922
13651,	-12.720497183332922,	-12.720497183332922
13651,	-12.720497183332922,	-12.720497183332922
13672,	-12.720497183332922,	-12.720497183332922
13672,	-12.720497183332922,	-12.720497183332922
13672,	-12.720497183332922,	-12.720497183332922
13672,	-12.720497183332922,	-12.720497183332922
13672,	-12.720497183332922,	-12.720497183332922
13692,	-12.735897883332921,	-12.735897883332921
13692,	-12.735897883332921,	-12.735897883332921
13692,	-12.735897883332921,	-12.735897883332921
13692,	-12.735897883332921,	-12.735897883332921
13692,	-12.735897883332921,	-12.735897883332921
13712,	-12.735897883332921,	-12.735897883332921
13712,	-12.735897883332921,	-12.735897883332921
13712,	-12.735897883332921,	-12.735897883332921
13712,	-12.735897883332921,	-12.735897883332921
13712,	-12.735897883332921,	-12.735897883332921
13732,	-12.735897883332921,	-12.735897883332921
13732,	-12.735897883332921,	-12.735897883332921
13732,	-12.735897883332921,	-12.735897883332921
13732,	-12.735897883332921,	-12.735897883332921
13732,	-12.735897883332921,	-12.735897883332921
13752,	-12.759284883332917,	-12.759284883332917
13752,	-12.759284883332917,	-12.759284883332917
13752,	-12.759284883332917,	-12.759284883332917
13752,	-12.759284883332917,	-12.759284883332917
13752,	-12.759284883332917,	-12.759284883332917
13771,	-12.759284883332917,	-12.759284883332917
13771,	-12.759284883332917,	-12.759284883332917
13771,	-12.759284883332917,	-12.759284883332917
13771,	-12.759284883332917,	-12.759284883332917
13771,	-12.759284883332917,	-12.759284883332917
13792,	-12.775905216666247,	-12.775905216666247
13792,	-12.775905216666247,	-12.775905216666247
13792,	-12.775905216666247,	-12.775905216666247
13792,	-12.775905216666247,	-12.775905216666247
13792,	-12.775905216666247,	-12.775905216666247
13812,	-12.775905216666247,	-12.775905216666247
13812,	-12.775905216666247,	-12.775905216666247
13812,	-12.775905216666247,	-12.775905216666247
13812,	-12.775905216666247,	-12.775905216666247
13812,	-12.775905216666247,	-12.775905216666247
13832,	-12.775905216666247,	-12.775905216666247
13832,	-12.775905216666247,	-12.775905216666247
13832,	-12.775905216666247,	-12.775905216666247
13832,	-12.775905216666247,	-12.775905216666247
13832,	-12.775905216666247,	-12.775905216666247
13853,	-12.798116216666246,	-12.798116216666246
13853,	-12.798116216666246,	-12.798116216666246
13853,	-12.798116216666246,	-12.798116216666246
13853,	-12.798116216666246,	-12.798116216666246
13853,	-12.798116216666246,	-12.798116216666246
13872,	-12.798116216666246,	-12.798116216666246
13872,	-12.798116216666246,	-12.798116216666246
13872,	-12.798116216666246,	-12.798116216666246
13872,	-12.798116216666246,	-12.798116216666246
13872,	-12.798116216666246,	-12.798116216666246
13892,	-12.81068354999958,	-12.81068354999958
13892,	-12.81068354999958,	-12.81068354999958
13892,	-12.81068354999958,	-12.81068354999958
13892,	-12.81068354999958,	-12.81068354999958
13892,	-12.81068354999958,	-12.81068354999958
13911,	-12.81068354999958,	-12.81068354999958
13911,	-12.81068354999958,	-12.81068354999958
13911,	-12.81068354999958,	-12.81068354999958
13911,	-12.81068354999958,	-12.81068354999958
13911,	-12.81068354999958,	-12.81068354999958
13932,	-12.81068354999958,	-12.81068354999958
13932,	-12.81068354999958,	-12.81068354999958
13932,	-12.81068354999958,	-12.81068354999958
13932,	-12.81068354999958,	-12.81068354999958
13932,	-12.81068354999958,	-12.81068354999958
13952,	-12.830940733332909,	-12.830940733332909
13952,	-12.830940733332909,	-12.830940733332909
13952,	-12.830940733332909,	-12.830940733332909
13952,	-12.830940733332909,	-12.830940733332909
13952,	-12.830940733332909,	-12.830940733332909
13971,	-12.830940733332909,	-12.830940733332909
13971,	-12.830940733332909,	-12.830940733332909
13971,	-12.830940733332909,	-12.830940733332909
13971,	-12.830940733332909,	-12.830940733332909
13971,	-12.830940733332909,	-12.830940733332909
13993,	-12.830940733332909,	-12.830940733332909
13993,	-12.830940733332909,	-12.830940733332909
13993,	-12.830940733332909,	-12.830940733332909
13993,	-12.830940733332909,	-12.830940733332909
13993,	-12.84692406666624,	-12.84692406666624
14012,	-12.84692406666624,	-12.84692406666624
14012,	-12.84692406666624,	-12.84692406666624
14012,	-12.84692406666624,	-12.84692406666624
14012,	-12.84692406666624,	-12.84692406666624
14012,	-12.84692406666624,	-12.84692406666624
14032,	-12.84692406666624,	-12.84692406666624
14032,	-12.84692406666624,	-12.84692406666624
14032,	-12.84692406666624,	-12.84692406666624
14032,	-12.84692406666624,	-12.84692406666624
14032,	-12.84692406666624,	-12.84692406666624
14052,	-12.869345066666238,	-12.869345066666238
14052,	-12.869345066666238,	-12.869345066666238
14052,	-12.869345066666238,	-12.869345066666238
14052,	-12.869345066666238,	-12.869345066666238
14052,	-12.869345066666238,	-12.869345066666238
14072,	-12.869345066666238,	-12.869345066666238
14072,	-12.869345066666238,	-12.869345066666238
14072,	-12.869345066666238,	-12.869345066666238
14072,	-12.869345066666238,	-12.869345066666238
14072,	-12.869345066666238,	-12.869345066666238
14092,	-12.88176539999957,	-12.88176539999957
14092,	-12.88176539999957,	-12.88176539999957
14092,	-12.88176539999957,	-12.88176539999957
14092,	-12.88176539999957,	-12.88176539999957
14092,	-12.88176539999957,	-12.88176539999957
14112,	-12.88176539999957,	-12.88176539999957
14112,	-12.88176539999957,	-12.88176539999957
14112,	-12.88176539999957,	-12.88176539999957
14112,	-12.88176539999957,	-12.88176539999957
14112,	-12.88176539999957,	-12.88176539999957
14132,	-12.88176539999957,	-12.88176539999957
14132,	-12.88176539999957,	-12.88176539999957
14132,	-12.88176539999957,	-12.88176539999957
14132,	-12.88176539999957,	-12.88176539999957
14132,	-12.88176539999957,	-12.88176539999957
14152,	-12.902197583332901,	-12.902197583332901
14152,	-12.902197583332901,	-12.902197583332901
14152,	-12.902197583332901,	-12.902197583332901
14152,	-12.902197583332901,	-12.902197583332901
14152,	-12.902197583332901,	-12.902197583332901
14173,	-12.902197583332901,	-12.902197583332901
14173,	-12.902197583332901,	-12.902197583332901
14173,	-12.902197583332901,	-12.902197583332901
14173,	-12.902197583332901,	-12.902197583332901
14173,	-12.902197583332901,	-12.902197583332901
14193,	-12.902197583332901,	-12.902197583332901
14193,	-12.902197583332901,	-12.902197583332901
14193,	-12.902197583332901,	-12.902197583332901
14193,	-12.902197583332901,	-12.902197583332901
14193,	-12.902197583332901,	-12.902197583332901
14212,	-12.918096916666233,	-12.918096916666233
14212,	-12.918096916666233,	-12.918096916666233
14212,	-12.918096916666233,	-12.918096916666233
14212,	-12.918096916666233,	-12.918096916666233
14212,	-12.918096916666233,	-12.918096916666233
14232,	-12.918096916666233,	-12.918096916666233
14232,	-12.918096916666233,	-12.918096916666233
14232,	-12.918096916666233,	-12.918096916666233
14232,	-12.918096916666233,	-12.918096916666233
14232,	-12.918096916666233,	-12.918096916666233
14252,	-12.94181991666623,	-12.94181991666623
14252,	-12.94181991666623,	-12.94181991666623
14252,	-12.94181991666623,	-12.94181991666623
14252,	-12.94181991666623,	-12.94181991666623
14252,	-12.94181991666623,	-12.94181991666623
14272,	-12.94181991666623,	-12.94181991666623
14272,	-12.94181991666623,	-12.94181991666623
14272,	-12.94181991666623,	-12.94181991666623
14272,	-12.94181991666623,	-12.94181991666623
14272,	-12.94181991666623,	-12.94181991666623
14292,	-12.957592433332897,	-12.957592433332897
14292,	-12.957592433332897,	-12.957592433332897
14292,	-12.957592433332897,	-12.957592433332897
14292,	-12.957592433332897,	-12.957592433332897
14292,	-12.957592433332897,	-12.957592433332897
14312,	-12.957592433332897,	-12.957592433332897
14312,	-12.957592433332897,	-12.957592433332897
14312,	-12.957592433332897,	-12.957592433332897
14312,	-12.957592433332897,	-12.957592433332897
14312,	-12.957592433332897,	-12.957592433332897
14332,	-12.957592433332897,	-12.957592433332897
14332,	-12.957592433332897,	-12.957592433332897
14332,	-12.957592433332897,	-12.957592433332897
14333,	-12.957592433332897,	-12.957592433332897
14333,	-12.957592433332897,	-12.957592433332897
14352,	-12.98204424999956,	-12.98204424999956
14352,	-12.98204424999956,	-12.98204424999956
14352,	-12.98204424999956,	-12.98204424999956
14352,	-12.98204424999956,	-12.98204424999956
14352,	-12.98204424999956,	-12.98204424999956
14372,	-12.98204424999956,	-12.98204424999956
14372,	-12.98204424999956,	-12.98204424999956
14372,	-12.98204424999956,	-12.98204424999956
14372,	-12.98204424999956,	-12.98204424999956
14372,	-12.98204424999956,	-12.98204424999956
14391,	-12.998810766666224,	-12.998810766666224
14391,	-12.998810766666224,	-12.998810766666224
14391,	-12.998810766666224,	-12.998810766666224
14391,	-12.998810766666224,	-12.998810766666224
14391,	-12.998810766666224,	-12.998810766666224
14412,	-12.998810766666224,	-12.998810766666224
14412,	-12.998810766666224,	-12.998810766666224
14412,	-12.998810766666224,	-12.998810766666224
14412,	-12.998810766666224,	-12.998810766666224
14412,	-12.998810766666224,	-12.998810766666224
14434,	-12.998810766666224,	-12.998810766666224
14434,	-12.998810766666224,	-12.998810766666224
14434,	-12.998810766666224,	-12.998810766666224
14434,	-12.998810766666224,	-12.998810766666224
14434,	-12.998810766666224,	-12.998810766666224
14452,	-13.022805949999556,	-13.022805949999556
14452,	-13.022805949999556,	-13.022805949999556
14452,	-13.022805949999556,	-13.022805949999556
14452,	-13.022805949999556,	-13.022805949999556
14452,	-13.022805949999556,	-13.022805949999556
14472,	-13.022805949999556,	-13.022805949999556
14472,	-13.022805949999556,	-13.022805949999556
14472,	-13.022805949999556,	-13.022805949999556
14472,	-13.022805949999556,	-13.022805949999556
14472,	-13.022805949999556,	-13.022805949999556
14491,	-13.038873283332888,	-13.038873283332888
14491,	-13.038873283332888,	-13.038873283332888
14491,	-13.038873283332888,	-13.038873283332888
14491,	-13.038873283332888,	-13.038873283332888
14491,	-13.038873283332888,	-13.038873283332888
14513,	-13.038873283332888,	-13.038873283332888
14513,	-13.038873283332888,	-13.038873283332888
14513,	-13.038873283332888,	-13.038873283332888
14513,	-13.038873283332888,	-13.038873283332888
14513,	-13.038873283332888,	-13.038873283332888
14532,	-13.038873283332888,	-13.038873283332888
14532,	-13.038873283332888,	-13.038873283332888
14532,	-13.038873283332888,	-13.038873283332888
14532,	-13.038873283332888,	-13.038873283332888
14532,	-13.038873283332888,	-13.038873283332888
14552,	-13.063884283332884,	-13.063884283332884
14552,	-13.063884283332884,	-13.063884283332884
14552,	-13.063884283332884,	-13.063884283332884
14552,	-13.063884283332884,	-13.063884283332884
14552,	-13.063884283332884,	-13.063884283332884
14572,	-13.063884283332884,	-13.063884283332884
14572,	-13.063884283332884,	-13.063884283332884
14572,	-13.063884283332884,	-13.063884283332884
14572,	-13.063884283332884,	-13.063884283332884
14572,	-13.063884283332884,	-13.063884283332884
14591,	-13.07948879999955,	-13.07948879999955
14591,	-13.07948879999955,	-13.07948879999955
14591,	-13.07948879999955,	-13.07948879999955
14591,	-13.07948879999955,	-13.07948879999955
14591,	-13.07948879999955,	-13.07948879999955
14612,	-13.07948879999955,	-13.07948879999955
14612,	-13.07948879999955,	-13.07948879999955
14612,	-13.07948879999955,	-13.07948879999955
14612,	-13.07948879999955,	-13.07948879999955
14612,	-13.07948879999955,	-13.07948879999955
14632,	-13.07948879999955,	-13.07948879999955
14632,	-13.07948879999955,	-13.07948879999955
14632,	-13.07948879999955,	-13.07948879999955
14632,	-13.07948879999955,	-13.07948879999955
14632,	-13.07948879999955,	-13.07948879999955
14652,	-13.104107799999547,	-13.104107799999547
14652,	-13.104107799999547,	-13.104107799999547
14652,	-13.104107799999547,	-13.104107799999547
14652,	-13.104107799999547,	-13.104107799999547
14652,	-13.104107799999547,	-13.104107799999547
14673,	-13.104107799999547,	-13.104107799999547
14673,	-13.104107799999547,	-13.104107799999547
14673,	-13.104107799999547,	-13.104107799999547
14673,	-13.104107799999547,	-13.104107799999547
14673,	-13.104107799999547,	-13.104107799999547
14692,	-13.120847949999545,	-13.120847949999545
14692,	-13.120847949999545,	-13.120847949999545
14692,	-13.120847949999545,	-13.120847949999545
14692,	-13.120847949999545,	-13.120847949999545
14692,	-13.120847949999545,	-13.120847949999545
14714,	-13.120847949999545,	-13.120847949999545
14714,	-13.120847949999545,	-13.120847949999545
14714,	-13.120847949999545,	-13.120847949999545
14714,	-13.120847949999545,	-13.120847949999545
14714,	-13.120847949999545,	-13.120847949999545
14732,	-13.120847949999545,	-13.120847949999545
14732,	-13.120847949999545,	-13.120847949999545
14732,	-13.120847949999545,	-13.120847949999545
14732,	-13.120847949999545,	-13.120847949999545
14732,	-13.120847949999545,	-13.120847949999545
14752,	-13.144409133332877,	-13.144409133332877
14752,	-13.144409133332877,	-13.144409133332877
14752,	-13.144409133332877,	-13.144409133332877
14752,	-13.144409133332877,	-13.144409133332877
14752,	-13.144409133332877,	-13.144409133332877
14772,	-13.144409133332877,	-13.144409133332877
14772,	-13.144409133332877,	-13.144409133332877
14772,	-13.144409133332877,	-13.144409133332877
14772,	-13.144409133332877,	-13.144409133332877
14772,	-13.144409133332877,	-13.144409133332877
14793,	-13.160020649999543,	-13.160020649999543
14793,	-13.160020649999543,	-13.160020649999543
14793,	-13.160020649999543,	-13.160020649999543
14793,	-13.160020649999543,	-13.160020649999543
14793,	-13.160020649999543,	-13.160020649999543
14812,	-13.160020649999543,	-13.160020649999543
14812,	-13.160020649999543,	-13.160020649999543
14812,	-13.160020649999543,	-13.160020649999543
14812,	-13.160020649999543,	-13.160020649999543
14812,	-13.160020649999543,	-13.160020649999543
14832,	-13.160020649999543,	-13.160020649999543
14832,	-13.160020649999543,	-13.160020649999543
14832,	-13.160020649999543,	-13.160020649999543
14832,	-13.160020649999543,	-13.160020649999543
14832,	-13.160020649999543,	-13.160020649999543
14852,	-13.174253983332875,	-13.174253983332875
14852,	-13.174253983332875,	-13.174253983332875
14852,	-13.174253983332875,	-13.174253983332875
14852,	-13.174253983332875,	-13.174253983332875
14852,	-13.174253983332875,	-13.174253983332875
14872,	-13.174253983332875,	-13.174253983332875
14872,	-13.174253983332875,	-13.174253983332875
14872,	-13.174253983332875,	-13.174253983332875
14872,	-13.174253983332875,	-13.174253983332875
14872,	-13.174253983332875,	-13.174253983332875
